record	original	vault_path	cms_path	status
cms-typo3	IMG-2026-01-07.png	/Users/macbook/Desktop/agent-aya/07 📦 Vault/📎 Attachments/🖼️ Images/IMG-2026-01-07.png	awn-storage/assets/pasted/img-2026-01-07.png	ok
cms-typo3	"IMG-2026-01""
awn-main: false
awn-tags:
  - cms
  - typo3
  - archive
awn-version: 1
awn-sort: """"
awn-attachments:
  - awn-storage/assets/pasted/img-2026-01-07-1.png
  - awn-storage/assets/pasted/img-2026-01-07.png
  - awn-storage/assets/pasted/img-2026-01-07-2.png
  - awn-storage/assets/pasted/img-2026-01-07-3.png
awn-author: Obsidian
awn-source: archive-import
---

# CMS TYPO3

CRUD REST API из коробки типа графа

Новый тип трейта ID в виде строки вместо цифры (ID USD, EUR)

Уникальный ID не только в рамках 1 таблицы, но и в рамках все БД.

![IMG-2026-01-07"		awn-storage/assets/pasted/img-2026-01-07.png	not found
cms-typo3	IMG-2026-01-07-1.png	/Users/macbook/Desktop/agent-aya/07 📦 Vault/📎 Attachments/🖼️ Images/IMG-2026-01-07-1.png	awn-storage/assets/pasted/img-2026-01-07-1.png	ok
cms-typo3	IMG-2026-01-07-2.png	/Users/macbook/Desktop/agent-aya/07 📦 Vault/📎 Attachments/🖼️ Images/IMG-2026-01-07-2.png	awn-storage/assets/pasted/img-2026-01-07-2.png	ok
cms-typo3	IMG-2026-01-07-3.png	/Users/macbook/Desktop/agent-aya/07 📦 Vault/📎 Attachments/🖼️ Images/IMG-2026-01-07-3.png	awn-storage/assets/pasted/img-2026-01-07-3.png	ok
efir-moy-plan	IMG-2026-04-25-1.png	/Users/macbook/Desktop/agent-aya/07 📦 Vault/📎 Attachments/🖼️ Images/IMG-2026-04-25-1.png	awn-storage/assets/pasted/img-2026-04-25-1.png	ok
efir-moy-plan	"Past""
awn-main: false
awn-source: archive-import
awn-author: Obsidian
awn-tags:
  - ai
  - presentation
  - archive
awn-web-url: """"
awn-attachments:
  - awn-storage/assets/pasted/img-2026-04-25-1.png
  - awn-storage/assets/pasted/pasted-image-20260503231842.png
  - awn-storage/assets/pasted/img-2026-04-25.png
  - awn-storage/assets/pasted/img-2026-04-25-60.png
  - awn-storage/assets/pasted/img-2026-04-25-2.png
  - awn-storage/assets/pasted/img-2026-04-25-3.png
  - awn-storage/assets/pasted/img-2026-04-25-4.png
  - awn-storage/assets/pasted/img-2026-04-28-6.png
  - awn-storage/assets/pasted/img-2026-04-25-10.png
  - awn-storage/assets/pasted/img-2026-04-25-5.png
  - awn-storage/assets/pasted/img-2026-04-25-7.png
  - awn-storage/assets/pasted/img-2026-04-25-6.png
  - awn-storage/assets/pasted/img-2026-04-25-8.png
  - awn-storage/assets/pasted/img-2026-04-25-9.png
  - awn-storage/assets/pasted/img-2026-04-25-11.png
  - awn-storage/assets/pasted/img-2026-04-25-18.png
  - awn-storage/assets/pasted/img-2026-04-25-20.png
  - awn-storage/assets/pasted/img-2026-04-25-14.png
  - awn-storage/assets/pasted/img-2026-04-25-15.png
  - awn-storage/assets/pasted/img-2026-04-25-17.png
  - awn-storage/assets/pasted/img-2026-04-25-21.png
  - awn-storage/assets/pasted/img-2026-04-26-3.png
  - awn-storage/assets/pasted/img-2026-04-26.png
  - awn-storage/assets/pasted/img-2026-04-26-1.png
  - awn-storage/assets/pasted/img-2026-04-26-2.png
  - awn-storage/assets/pasted/img-2026-04-25-22.png
  - awn-storage/assets/pasted/img-2026-04-25-12.png
  - awn-storage/assets/pasted/img-2026-04-25-23.png
  - awn-storage/assets/pasted/img-2026-04-25-24.png
  - awn-storage/assets/pasted/img-2026-04-25-29.png
  - awn-storage/assets/pasted/img-2026-04-25-28.png
  - awn-storage/assets/pasted/img-2026-04-25-26.png
  - awn-storage/assets/pasted/img-2026-04-25-27.png
  - awn-storage/assets/pasted/img-2026-04-25-30.png
  - awn-storage/assets/pasted/img-2026-04-25-31.png
  - awn-storage/assets/pasted/img-2026-04-25-32.png
  - awn-storage/assets/pasted/img-2026-04-25-33.png
  - awn-storage/assets/pasted/img-2026-04-25-34.png
  - awn-storage/assets/pasted/img-2026-04-27.png
  - awn-storage/assets/pasted/img-2026-04-27-1.png
  - awn-storage/assets/pasted/img-2026-04-25-36.png
  - awn-storage/assets/pasted/img-2026-04-25-37.png
  - awn-storage/assets/pasted/img-2026-04-25-38.png
  - awn-storage/assets/pasted/img-2026-04-25-40.png
  - awn-storage/assets/pasted/img-2026-04-25-41.png
  - awn-storage/assets/pasted/img-2026-04-25-42.png
  - awn-storage/assets/pasted/img-2026-04-25-43.png
  - awn-storage/assets/pasted/img-2026-04-25-48.png
  - awn-storage/assets/pasted/img-2026-04-25-49.png
  - awn-storage/assets/pasted/img-2026-04-25-50.png
  - awn-storage/assets/pasted/img-2026-04-28.png
  - awn-storage/assets/pasted/img-2026-04-25-51.png
  - awn-storage/assets/pasted/img_9462.png
  - awn-storage/assets/pasted/img-2026-04-25-52.png
  - awn-storage/assets/pasted/img-2026-04-29-4.png
  - awn-storage/assets/pasted/img-2026-04-25-54.png
  - awn-storage/assets/pasted/img-2026-04-25-55.png
  - awn-storage/assets/pasted/img-2026-04-25-56.png
  - awn-storage/assets/pasted/img-2026-04-25-57.png
  - awn-storage/assets/pasted/img-2026-04-25-58.png
  - awn-storage/assets/pasted/img-2026-04-25-59.png
  - awn-storage/assets/pasted/img-2026-04-25-61.png
  - awn-storage/assets/pasted/img-2026-04-25-62.png
  - awn-storage/assets/pasted/img-2026-04-25-64.png
  - awn-storage/assets/pasted/img-2026-04-25-63.png
  - awn-storage/assets/pasted/img-2026-04-25-69.png
  - awn-storage/assets/pasted/img-2026-04-25-68.png
  - awn-storage/assets/pasted/img-2026-04-25-66.png
  - awn-storage/assets/pasted/img_9460.png
  - awn-storage/assets/pasted/img-2026-04-29-2.png
  - awn-storage/assets/pasted/img-2026-04-29-1.png
  - awn-storage/assets/pasted/img-2026-04-29-3.png
  - awn-storage/assets/pasted/img-2026-04-28-1.png
  - awn-storage/assets/pasted/img-2026-04-28-5.png
  - awn-storage/assets/pasted/img-2026-04-28-2.png
  - awn-storage/assets/pasted/img-2026-04-28-3.png
  - awn-storage/assets/pasted/img-2026-04-28-4.png
awn-version: 1
awn-sort: """"
---

# 🎙️ План презентации эфира: ИИ-чаты и ИИ-агенты для новичков

## 🔴 БЛОК 1 — Нейросети — это ваш второй пилот про совместное достижение целей

### Слайд 0 — «Начало»

![IMG-2026-04-25-1"		awn-storage/assets/pasted/img-2026-04-25-1.png	not found
efir-moy-plan	Pasted image 20260503231842.png	/Users/macbook/Desktop/agent-aya/07 📦 Vault/📎 Attachments/🖼️ Images/Pasted image 20260503231842.png	awn-storage/assets/pasted/pasted-image-20260503231842.png	ok
efir-moy-plan	IMG-2026-04-25.png	/Users/macbook/Desktop/agent-aya/07 📦 Vault/📎 Attachments/🖼️ Images/IMG-2026-04-25.png	awn-storage/assets/pasted/img-2026-04-25.png	ok
efir-moy-plan	IMG-2026-04-25-60.png	/Users/macbook/Desktop/agent-aya/07 📦 Vault/📎 Attachments/🖼️ Images/IMG-2026-04-25-60.png	awn-storage/assets/pasted/img-2026-04-25-60.png	ok
efir-moy-plan	IMG-2026-04-25-2.png	/Users/macbook/Desktop/agent-aya/07 📦 Vault/📎 Attachments/🖼️ Images/IMG-2026-04-25-2.png	awn-storage/assets/pasted/img-2026-04-25-2.png	ok
efir-moy-plan	IMG-2026-04-25-3.png	/Users/macbook/Desktop/agent-aya/07 📦 Vault/📎 Attachments/🖼️ Images/IMG-2026-04-25-3.png	awn-storage/assets/pasted/img-2026-04-25-3.png	ok
efir-moy-plan	IMG-2026-04-25-4.png	/Users/macbook/Desktop/agent-aya/07 📦 Vault/📎 Attachments/🖼️ Images/IMG-2026-04-25-4.png	awn-storage/assets/pasted/img-2026-04-25-4.png	ok
efir-moy-plan	IMG-2026-04-28-6.png	/Users/macbook/Desktop/agent-aya/07 📦 Vault/📎 Attachments/🖼️ Images/IMG-2026-04-28-6.png	awn-storage/assets/pasted/img-2026-04-28-6.png	ok
efir-moy-plan	IMG-2026-04-25-10.png	/Users/macbook/Desktop/agent-aya/07 📦 Vault/📎 Attachments/🖼️ Images/IMG-2026-04-25-10.png	awn-storage/assets/pasted/img-2026-04-25-10.png	ok
efir-moy-plan	IMG-2026-04-25-5.png	/Users/macbook/Desktop/agent-aya/07 📦 Vault/📎 Attachments/🖼️ Images/IMG-2026-04-25-5.png	awn-storage/assets/pasted/img-2026-04-25-5.png	ok
efir-moy-plan	IMG-2026-04-25-7.png	/Users/macbook/Desktop/agent-aya/07 📦 Vault/📎 Attachments/🖼️ Images/IMG-2026-04-25-7.png	awn-storage/assets/pasted/img-2026-04-25-7.png	ok
efir-moy-plan	IMG-2026-04-25-6.png	/Users/macbook/Desktop/agent-aya/07 📦 Vault/📎 Attachments/🖼️ Images/IMG-2026-04-25-6.png	awn-storage/assets/pasted/img-2026-04-25-6.png	ok
efir-moy-plan	IMG-2026-04-25-8.png	/Users/macbook/Desktop/agent-aya/07 📦 Vault/📎 Attachments/🖼️ Images/IMG-2026-04-25-8.png	awn-storage/assets/pasted/img-2026-04-25-8.png	ok
efir-moy-plan	IMG-2026-04-25-9.png	/Users/macbook/Desktop/agent-aya/07 📦 Vault/📎 Attachments/🖼️ Images/IMG-2026-04-25-9.png	awn-storage/assets/pasted/img-2026-04-25-9.png	ok
efir-moy-plan	IMG-2026-04-25-11.png	/Users/macbook/Desktop/agent-aya/07 📦 Vault/📎 Attachments/🖼️ Images/IMG-2026-04-25-11.png	awn-storage/assets/pasted/img-2026-04-25-11.png	ok
efir-moy-plan	IMG-2026-04-25-18.png	/Users/macbook/Desktop/agent-aya/07 📦 Vault/📎 Attachments/🖼️ Images/IMG-2026-04-25-18.png	awn-storage/assets/pasted/img-2026-04-25-18.png	ok
efir-moy-plan	IMG-2026-04-25-20.png	/Users/macbook/Desktop/agent-aya/07 📦 Vault/📎 Attachments/🖼️ Images/IMG-2026-04-25-20.png	awn-storage/assets/pasted/img-2026-04-25-20.png	ok
efir-moy-plan	IMG-2026-04-25-14.png	/Users/macbook/Desktop/agent-aya/07 📦 Vault/📎 Attachments/🖼️ Images/IMG-2026-04-25-14.png	awn-storage/assets/pasted/img-2026-04-25-14.png	ok
efir-moy-plan	IMG-2026-04-25-15.png	/Users/macbook/Desktop/agent-aya/07 📦 Vault/📎 Attachments/🖼️ Images/IMG-2026-04-25-15.png	awn-storage/assets/pasted/img-2026-04-25-15.png	ok
efir-moy-plan	IMG-2026-04-25-17.png	/Users/macbook/Desktop/agent-aya/07 📦 Vault/📎 Attachments/🖼️ Images/IMG-2026-04-25-17.png	awn-storage/assets/pasted/img-2026-04-25-17.png	ok
efir-moy-plan	IMG-2026-04-25-21.png	/Users/macbook/Desktop/agent-aya/07 📦 Vault/📎 Attachments/🖼️ Images/IMG-2026-04-25-21.png	awn-storage/assets/pasted/img-2026-04-25-21.png	ok
efir-moy-plan	IMG-2026-04-26-3.png	/Users/macbook/Desktop/agent-aya/07 📦 Vault/📎 Attachments/🖼️ Images/IMG-2026-04-26-3.png	awn-storage/assets/pasted/img-2026-04-26-3.png	ok
efir-moy-plan	IMG-2026-04-26.png	/Users/macbook/Desktop/agent-aya/07 📦 Vault/📎 Attachments/🖼️ Images/IMG-2026-04-26.png	awn-storage/assets/pasted/img-2026-04-26.png	ok
efir-moy-plan	IMG-2026-04-26-1.png	/Users/macbook/Desktop/agent-aya/07 📦 Vault/📎 Attachments/🖼️ Images/IMG-2026-04-26-1.png	awn-storage/assets/pasted/img-2026-04-26-1.png	ok
efir-moy-plan	IMG-2026-04-26-2.png	/Users/macbook/Desktop/agent-aya/07 📦 Vault/📎 Attachments/🖼️ Images/IMG-2026-04-26-2.png	awn-storage/assets/pasted/img-2026-04-26-2.png	ok
efir-moy-plan	IMG-2026-04-25-22.png	/Users/macbook/Desktop/agent-aya/07 📦 Vault/📎 Attachments/🖼️ Images/IMG-2026-04-25-22.png	awn-storage/assets/pasted/img-2026-04-25-22.png	ok
efir-moy-plan	IMG-2026-04-25-12.png	/Users/macbook/Desktop/agent-aya/07 📦 Vault/📎 Attachments/🖼️ Images/IMG-2026-04-25-12.png	awn-storage/assets/pasted/img-2026-04-25-12.png	ok
efir-moy-plan	IMG-2026-04-25-23.png	/Users/macbook/Desktop/agent-aya/07 📦 Vault/📎 Attachments/🖼️ Images/IMG-2026-04-25-23.png	awn-storage/assets/pasted/img-2026-04-25-23.png	ok
efir-moy-plan	IMG-2026-04-25-24.png	/Users/macbook/Desktop/agent-aya/07 📦 Vault/📎 Attachments/🖼️ Images/IMG-2026-04-25-24.png	awn-storage/assets/pasted/img-2026-04-25-24.png	ok
efir-moy-plan	IMG-2026-04-25-29.png	/Users/macbook/Desktop/agent-aya/07 📦 Vault/📎 Attachments/🖼️ Images/IMG-2026-04-25-29.png	awn-storage/assets/pasted/img-2026-04-25-29.png	ok
efir-moy-plan	IMG-2026-04-25-28.png	/Users/macbook/Desktop/agent-aya/07 📦 Vault/📎 Attachments/🖼️ Images/IMG-2026-04-25-28.png	awn-storage/assets/pasted/img-2026-04-25-28.png	ok
efir-moy-plan	IMG-2026-04-25-26.png	/Users/macbook/Desktop/agent-aya/07 📦 Vault/📎 Attachments/🖼️ Images/IMG-2026-04-25-26.png	awn-storage/assets/pasted/img-2026-04-25-26.png	ok
efir-moy-plan	IMG-2026-04-25-27.png	/Users/macbook/Desktop/agent-aya/07 📦 Vault/📎 Attachments/🖼️ Images/IMG-2026-04-25-27.png	awn-storage/assets/pasted/img-2026-04-25-27.png	ok
efir-moy-plan	IMG-2026-04-25-30.png	/Users/macbook/Desktop/agent-aya/07 📦 Vault/📎 Attachments/🖼️ Images/IMG-2026-04-25-30.png	awn-storage/assets/pasted/img-2026-04-25-30.png	ok
efir-moy-plan	IMG-2026-04-25-31.png	/Users/macbook/Desktop/agent-aya/07 📦 Vault/📎 Attachments/🖼️ Images/IMG-2026-04-25-31.png	awn-storage/assets/pasted/img-2026-04-25-31.png	ok
efir-moy-plan	IMG-2026-04-25-32.png	/Users/macbook/Desktop/agent-aya/07 📦 Vault/📎 Attachments/🖼️ Images/IMG-2026-04-25-32.png	awn-storage/assets/pasted/img-2026-04-25-32.png	ok
efir-moy-plan	IMG-2026-04-25-33.png	/Users/macbook/Desktop/agent-aya/07 📦 Vault/📎 Attachments/🖼️ Images/IMG-2026-04-25-33.png	awn-storage/assets/pasted/img-2026-04-25-33.png	ok
efir-moy-plan	IMG-2026-04-25-34.png	/Users/macbook/Desktop/agent-aya/07 📦 Vault/📎 Attachments/🖼️ Images/IMG-2026-04-25-34.png	awn-storage/assets/pasted/img-2026-04-25-34.png	ok
efir-moy-plan	IMG-2026-04-27.png	/Users/macbook/Desktop/agent-aya/07 📦 Vault/📎 Attachments/🖼️ Images/IMG-2026-04-27.png	awn-storage/assets/pasted/img-2026-04-27.png	ok
efir-moy-plan	IMG-2026-04-27-1.png	/Users/macbook/Desktop/agent-aya/07 📦 Vault/📎 Attachments/🖼️ Images/IMG-2026-04-27-1.png	awn-storage/assets/pasted/img-2026-04-27-1.png	ok
efir-moy-plan	IMG-2026-04-25-36.png	/Users/macbook/Desktop/agent-aya/07 📦 Vault/📎 Attachments/🖼️ Images/IMG-2026-04-25-36.png	awn-storage/assets/pasted/img-2026-04-25-36.png	ok
efir-moy-plan	IMG-2026-04-25-37.png	/Users/macbook/Desktop/agent-aya/07 📦 Vault/📎 Attachments/🖼️ Images/IMG-2026-04-25-37.png	awn-storage/assets/pasted/img-2026-04-25-37.png	ok
efir-moy-plan	IMG-2026-04-25-38.png	/Users/macbook/Desktop/agent-aya/07 📦 Vault/📎 Attachments/🖼️ Images/IMG-2026-04-25-38.png	awn-storage/assets/pasted/img-2026-04-25-38.png	ok
efir-moy-plan	IMG-2026-04-25-40.png	/Users/macbook/Desktop/agent-aya/07 📦 Vault/📎 Attachments/🖼️ Images/IMG-2026-04-25-40.png	awn-storage/assets/pasted/img-2026-04-25-40.png	ok
efir-moy-plan	IMG-2026-04-25-41.png	/Users/macbook/Desktop/agent-aya/07 📦 Vault/📎 Attachments/🖼️ Images/IMG-2026-04-25-41.png	awn-storage/assets/pasted/img-2026-04-25-41.png	ok
efir-moy-plan	IMG-2026-04-25-42.png	/Users/macbook/Desktop/agent-aya/07 📦 Vault/📎 Attachments/🖼️ Images/IMG-2026-04-25-42.png	awn-storage/assets/pasted/img-2026-04-25-42.png	ok
efir-moy-plan	IMG-2026-04-25-43.png	/Users/macbook/Desktop/agent-aya/07 📦 Vault/📎 Attachments/🖼️ Images/IMG-2026-04-25-43.png	awn-storage/assets/pasted/img-2026-04-25-43.png	ok
efir-moy-plan	IMG-2026-04-25-48.png	/Users/macbook/Desktop/agent-aya/07 📦 Vault/📎 Attachments/🖼️ Images/IMG-2026-04-25-48.png	awn-storage/assets/pasted/img-2026-04-25-48.png	ok
efir-moy-plan	IMG-2026-04-25-49.png	/Users/macbook/Desktop/agent-aya/07 📦 Vault/📎 Attachments/🖼️ Images/IMG-2026-04-25-49.png	awn-storage/assets/pasted/img-2026-04-25-49.png	ok
efir-moy-plan	IMG-2026-04-25-50.png	/Users/macbook/Desktop/agent-aya/07 📦 Vault/📎 Attachments/🖼️ Images/IMG-2026-04-25-50.png	awn-storage/assets/pasted/img-2026-04-25-50.png	ok
efir-moy-plan	IMG-2026-04-28.png	/Users/macbook/Desktop/agent-aya/07 📦 Vault/📎 Attachments/🖼️ Images/IMG-2026-04-28.png	awn-storage/assets/pasted/img-2026-04-28.png	ok
efir-moy-plan	IMG-2026-04-25-51.png	/Users/macbook/Desktop/agent-aya/07 📦 Vault/📎 Attachments/🖼️ Images/IMG-2026-04-25-51.png	awn-storage/assets/pasted/img-2026-04-25-51.png	ok
efir-moy-plan	IMG_9462.png	/Users/macbook/Desktop/agent-aya/07 📦 Vault/📎 Attachments/🖼️ Images/IMG_9462.png	awn-storage/assets/pasted/img_9462.png	ok
efir-moy-plan	IMG-2026-04-25-52.png	/Users/macbook/Desktop/agent-aya/07 📦 Vault/📎 Attachments/🖼️ Images/IMG-2026-04-25-52.png	awn-storage/assets/pasted/img-2026-04-25-52.png	ok
efir-moy-plan	IMG-2026-04-29-4.png	/Users/macbook/Desktop/agent-aya/07 📦 Vault/📎 Attachments/🖼️ Images/IMG-2026-04-29-4.png	awn-storage/assets/pasted/img-2026-04-29-4.png	ok
efir-moy-plan	IMG-2026-04-25-54.png	/Users/macbook/Desktop/agent-aya/07 📦 Vault/📎 Attachments/🖼️ Images/IMG-2026-04-25-54.png	awn-storage/assets/pasted/img-2026-04-25-54.png	ok
efir-moy-plan	IMG-2026-04-25-55.png	/Users/macbook/Desktop/agent-aya/07 📦 Vault/📎 Attachments/🖼️ Images/IMG-2026-04-25-55.png	awn-storage/assets/pasted/img-2026-04-25-55.png	ok
efir-moy-plan	IMG-2026-04-25-56.png	/Users/macbook/Desktop/agent-aya/07 📦 Vault/📎 Attachments/🖼️ Images/IMG-2026-04-25-56.png	awn-storage/assets/pasted/img-2026-04-25-56.png	ok
efir-moy-plan	IMG-2026-04-25-57.png	/Users/macbook/Desktop/agent-aya/07 📦 Vault/📎 Attachments/🖼️ Images/IMG-2026-04-25-57.png	awn-storage/assets/pasted/img-2026-04-25-57.png	ok
efir-moy-plan	IMG-2026-04-25-58.png	/Users/macbook/Desktop/agent-aya/07 📦 Vault/📎 Attachments/🖼️ Images/IMG-2026-04-25-58.png	awn-storage/assets/pasted/img-2026-04-25-58.png	ok
efir-moy-plan	IMG-2026-04-25-59.png	/Users/macbook/Desktop/agent-aya/07 📦 Vault/📎 Attachments/🖼️ Images/IMG-2026-04-25-59.png	awn-storage/assets/pasted/img-2026-04-25-59.png	ok
efir-moy-plan	IMG-2026-04-25-61.png	/Users/macbook/Desktop/agent-aya/07 📦 Vault/📎 Attachments/🖼️ Images/IMG-2026-04-25-61.png	awn-storage/assets/pasted/img-2026-04-25-61.png	ok
efir-moy-plan	IMG-2026-04-25-62.png	/Users/macbook/Desktop/agent-aya/07 📦 Vault/📎 Attachments/🖼️ Images/IMG-2026-04-25-62.png	awn-storage/assets/pasted/img-2026-04-25-62.png	ok
efir-moy-plan	IMG-2026-04-25-64.png	/Users/macbook/Desktop/agent-aya/07 📦 Vault/📎 Attachments/🖼️ Images/IMG-2026-04-25-64.png	awn-storage/assets/pasted/img-2026-04-25-64.png	ok
efir-moy-plan	IMG-2026-04-25-63.png	/Users/macbook/Desktop/agent-aya/07 📦 Vault/📎 Attachments/🖼️ Images/IMG-2026-04-25-63.png	awn-storage/assets/pasted/img-2026-04-25-63.png	ok
efir-moy-plan	IMG-2026-04-25-69.png	/Users/macbook/Desktop/agent-aya/07 📦 Vault/📎 Attachments/🖼️ Images/IMG-2026-04-25-69.png	awn-storage/assets/pasted/img-2026-04-25-69.png	ok
efir-moy-plan	IMG-2026-04-25-68.png	/Users/macbook/Desktop/agent-aya/07 📦 Vault/📎 Attachments/🖼️ Images/IMG-2026-04-25-68.png	awn-storage/assets/pasted/img-2026-04-25-68.png	ok
efir-moy-plan	IMG-2026-04-25-66.png	/Users/macbook/Desktop/agent-aya/07 📦 Vault/📎 Attachments/🖼️ Images/IMG-2026-04-25-66.png	awn-storage/assets/pasted/img-2026-04-25-66.png	ok
efir-moy-plan	IMG_9460.png	/Users/macbook/Desktop/agent-aya/07 📦 Vault/📎 Attachments/🖼️ Images/IMG_9460.png	awn-storage/assets/pasted/img_9460.png	ok
efir-moy-plan	IMG-2026-04-29-2.png	/Users/macbook/Desktop/agent-aya/07 📦 Vault/📎 Attachments/🖼️ Images/IMG-2026-04-29-2.png	awn-storage/assets/pasted/img-2026-04-29-2.png	ok
efir-moy-plan	IMG-2026-04-29-1.png	/Users/macbook/Desktop/agent-aya/07 📦 Vault/📎 Attachments/🖼️ Images/IMG-2026-04-29-1.png	awn-storage/assets/pasted/img-2026-04-29-1.png	ok
efir-moy-plan	IMG-2026-04-29-3.png	/Users/macbook/Desktop/agent-aya/07 📦 Vault/📎 Attachments/🖼️ Images/IMG-2026-04-29-3.png	awn-storage/assets/pasted/img-2026-04-29-3.png	ok
efir-moy-plan	IMG-2026-04-28-1.png	/Users/macbook/Desktop/agent-aya/07 📦 Vault/📎 Attachments/🖼️ Images/IMG-2026-04-28-1.png	awn-storage/assets/pasted/img-2026-04-28-1.png	ok
efir-moy-plan	IMG-2026-04-28-5.png	/Users/macbook/Desktop/agent-aya/07 📦 Vault/📎 Attachments/🖼️ Images/IMG-2026-04-28-5.png	awn-storage/assets/pasted/img-2026-04-28-5.png	ok
efir-moy-plan	IMG-2026-04-28-2.png	/Users/macbook/Desktop/agent-aya/07 📦 Vault/📎 Attachments/🖼️ Images/IMG-2026-04-28-2.png	awn-storage/assets/pasted/img-2026-04-28-2.png	ok
efir-moy-plan	IMG-2026-04-28-3.png	/Users/macbook/Desktop/agent-aya/07 📦 Vault/📎 Attachments/🖼️ Images/IMG-2026-04-28-3.png	awn-storage/assets/pasted/img-2026-04-28-3.png	ok
efir-moy-plan	IMG-2026-04-28-4.png	/Users/macbook/Desktop/agent-aya/07 📦 Vault/📎 Attachments/🖼️ Images/IMG-2026-04-28-4.png	awn-storage/assets/pasted/img-2026-04-28-4.png	ok
obsidian	IMG-2026-01-11.png	/Users/macbook/Desktop/agent-aya/07 📦 Vault/📎 Attachments/🖼️ Images/IMG-2026-01-11.png	awn-storage/assets/pasted/img-2026-01-11.png	ok
obsidian	IMG-2026-01-11-1.png	/Users/macbook/Desktop/agent-aya/07 📦 Vault/📎 Attachments/🖼️ Images/IMG-2026-01-11-1.png	awn-storage/assets/pasted/img-2026-01-11-1.png	ok
obsidian	IMG-2026-01-11-2.png	/Users/macbook/Desktop/agent-aya/07 📦 Vault/📎 Attachments/🖼️ Images/IMG-2026-01-11-2.png	awn-storage/assets/pasted/img-2026-01-11-2.png	ok
obsidian	IMG-2026-01-11-3.png	/Users/macbook/Desktop/agent-aya/07 📦 Vault/📎 Attachments/🖼️ Images/IMG-2026-01-11-3.png	awn-storage/assets/pasted/img-2026-01-11-3.png	ok
obsidian	IMG-2026-01-11-5.png	/Users/macbook/Desktop/agent-aya/07 📦 Vault/📎 Attachments/🖼️ Images/IMG-2026-01-11-5.png	awn-storage/assets/pasted/img-2026-01-11-5.png	ok
obsidian	IMG-2026-01-11-6.png	/Users/macbook/Desktop/agent-aya/07 📦 Vault/📎 Attachments/🖼️ Images/IMG-2026-01-11-6.png	awn-storage/assets/pasted/img-2026-01-11-6.png	ok
obsidian	telegram-cloud-photo-size-2-5418095008071487032-y.jpg	/Users/macbook/Desktop/agent-aya/07 📦 Vault/📎 Attachments/🖼️ Images/telegram-cloud-photo-size-2-5418095008071487032-y.jpg	awn-storage/assets/pasted/telegram-cloud-photo-size-2-5418095008071487032-y.jpg	ok
obsidian	Снимок экрана 2025-10-16 в 13.39.57.png	/Users/macbook/Desktop/agent-aya/07 📦 Vault/📎 Attachments/Снимок экрана 2025-10-16 в 13.39.57.png	awn-storage/assets/pasted/2025-10-16-13.39.57.png	ok
obsidian	Снимок экрана 2026-01-12 в 00.39.45.png			missing
obsidian	Снимок экрана 2026-01-11 в 04.06.15.png			missing
obsidian	Снимок экрана 2026-01-11 в 04.06.26.png			missing
obsidian	Снимок экрана 2026-01-11 в 04.06.34.png			missing
obsidian	Снимок экрана 2026-01-11 в 04.06.39.png			missing
obsidian	Снимок экрана 2026-01-11 в 04.06.41.png			missing
obsidian	Снимок экрана 2026-01-11 в 04.09.18.png			missing
obsidian	Снимок экрана 2026-01-11 в 04.12.30.png			missing
obsidian	Снимок экрана 2025-10-14 в 01.18.51.png			missing
obsidian	Снимок экрана 2026-01-09 в 21.10.27.png			missing
obsidian	Снимок экрана 2026-01-09 в 21.13.35.png			missing
obsidian	Снимок экрана 2026-01-09 в 21.13.43.png			missing
obsidian	Снимок экрана 2026-01-09 в 21.15.11.png			missing
obsidian	Снимок экрана 2026-01-09 в 21.18.48.png			missing
obsidian	Снимок экрана 2026-01-20 в 01.49.40.png			missing
obsidian	Снимок экрана 2026-01-20 в 01.49.57.png			missing
obsidian	Снимок экрана 2026-01-20 в 01.54.35.png			missing
obsidian	Снимок экрана 2026-01-20 в 02.05.24.png			missing
obsidian	Снимок экрана 2026-01-20 в 02.05.45.png			missing
obsidian	Снимок экрана 2026-01-20 в 02.05.49.png			missing
obsidian	Снимок экрана 2026-01-20 в 02.05.53.png			missing
obsidian	Снимок экрана 2025-10-16 в 14.51.03.png			missing
obsidian	Снимок экрана 2025-10-16 в 14.51.09.png			missing
obsidian	Снимок экрана 2025-10-16 в 14.51.14.png			missing
obsidian	Снимок экрана 2025-10-16 в 14.52.01.png			missing
obsidian	Снимок экрана 2025-10-16 в 14.56.37.png			missing
obsidian	Снимок экрана 2025-10-16 в 14.56.40 1.png			missing
obsidian	Снимок экрана 2025-10-16 в 14.56.45.png			missing
obsidian	Снимок экрана 2025-10-16 в 14.56.49.png			missing
obsidian	Снимок экрана 2025-10-16 в 14.57.27.png			missing
obsidian	Снимок экрана 2025-10-16 в 15.06.07.png			missing
obsidian	Снимок экрана 2025-10-16 в 15.07.34.png			missing
obsidian	Снимок экрана 2025-10-16 в 15.11.03.png			missing
obsidian	Снимок экрана 2025-10-16 в 15.11.14.png			missing
obsidian	Снимок экрана 2025-10-16 в 15.16.17.png			missing
obsidian	Снимок экрана 2025-10-16 в 15.16.32.png			missing
obsidian	Снимок экрана 2025-10-16 в 14.28.42.png			missing
obsidian	Снимок экрана 2025-10-16 в 14.31.02.png			missing
obsidian	Снимок экрана 2025-10-16 в 14.31.04.png			missing
obsidian	Снимок экрана 2025-10-16 в 14.31.37.png			missing
produktivnost	Снимок экрана 2026-01-22 в 02.23.03.png	/Users/macbook/Desktop/agent-aya/07 📦 Vault/📎 Attachments/🖼️ Images/2026/01/25/Снимок экрана 2026-01-22 в 02.23.03.png	awn-storage/assets/pasted/2026-01-22-02.23.03.png	ok
produktivnost	Снимок экрана 2026-01-22 в 02.26.15.png	/Users/macbook/Desktop/agent-aya/07 📦 Vault/📎 Attachments/🖼️ Images/2026/01/25/Снимок экрана 2026-01-22 в 02.26.15.png	awn-storage/assets/pasted/2026-01-22-02.26.15.png	ok
produktivnost	Снимок экрана 2026-01-22 в 02.26.18.png	/Users/macbook/Desktop/agent-aya/07 📦 Vault/📎 Attachments/🖼️ Images/2026/01/25/Снимок экрана 2026-01-22 в 02.26.18.png	awn-storage/assets/pasted/2026-01-22-02.26.18.png	ok
produktivnost	Снимок экрана 2026-01-22 в 02.26.21.png	/Users/macbook/Desktop/agent-aya/07 📦 Vault/📎 Attachments/🖼️ Images/2026/01/25/Снимок экрана 2026-01-22 в 02.26.21.png	awn-storage/assets/pasted/2026-01-22-02.26.21.png	ok
produktivnost	Снимок экрана 2026-01-22 в 02.27.42.png	/Users/macbook/Desktop/agent-aya/07 📦 Vault/📎 Attachments/🖼️ Images/2026/01/25/Снимок экрана 2026-01-22 в 02.27.42.png	awn-storage/assets/pasted/2026-01-22-02.27.42.png	ok
produktivnost	Снимок экрана 2026-01-22 в 02.28.43.png	/Users/macbook/Desktop/agent-aya/07 📦 Vault/📎 Attachments/🖼️ Images/2026/01/25/Снимок экрана 2026-01-22 в 02.28.43.png	awn-storage/assets/pasted/2026-01-22-02.28.43.png	ok
produktivnost	Снимок экрана 2026-01-22 в 02.30.04.png	/Users/macbook/Desktop/agent-aya/07 📦 Vault/📎 Attachments/🖼️ Images/2026/01/25/Снимок экрана 2026-01-22 в 02.30.04.png	awn-storage/assets/pasted/2026-01-22-02.30.04.png	ok
produktivnost	Снимок экрана 2026-01-22 в 13.39.29.png	/Users/macbook/Desktop/agent-aya/07 📦 Vault/📎 Attachments/🖼️ Images/2026/01/25/Снимок экрана 2026-01-22 в 13.39.29.png	awn-storage/assets/pasted/2026-01-22-13.39.29.png	ok
produktivnost	Снимок экрана 2026-01-22 в 13.39.44.png	/Users/macbook/Desktop/agent-aya/07 📦 Vault/📎 Attachments/🖼️ Images/2026/01/25/Снимок экрана 2026-01-22 в 13.39.44.png	awn-storage/assets/pasted/2026-01-22-13.39.44.png	ok
produktivnost	Снимок экрана 2026-01-22 в 13.53.36.png	/Users/macbook/Desktop/agent-aya/07 📦 Vault/📎 Attachments/🖼️ Images/2026/01/25/Снимок экрана 2026-01-22 в 13.53.36.png	awn-storage/assets/pasted/2026-01-22-13.53.36.png	ok
produktivnost	Снимок экрана 2026-01-22 в 14.05.46.png	/Users/macbook/Desktop/agent-aya/07 📦 Vault/📎 Attachments/🖼️ Images/2026/01/25/Снимок экрана 2026-01-22 в 14.05.46.png	awn-storage/assets/pasted/2026-01-22-14.05.46.png	ok
produktivnost	Снимок экрана 2026-01-22 в 14.06.27.png	/Users/macbook/Desktop/agent-aya/07 📦 Vault/📎 Attachments/🖼️ Images/2026/01/25/Снимок экрана 2026-01-22 в 14.06.27.png	awn-storage/assets/pasted/2026-01-22-14.06.27.png	ok
programmirovanie	Снимок экрана 2025-10-12 в 00.26.38.png	/Users/macbook/Desktop/agent-aya/07 📦 Vault/📎 Attachments/Снимок экрана 2025-10-12 в 00.26.38.png	awn-storage/assets/pasted/2025-10-12-00.26.38.png	ok
programmirovanie	Pasted Graphic.png	/Users/macbook/Desktop/agent-aya/06 📥 Inbox/📷 Screenshots/Программирование/Новая папка с объектами/Pasted Graphic.png	awn-storage/assets/pasted/pasted-graphic.png	ok
programmirovanie	Снимок экрана 2026-01-17 в 14.11.54.png	/Users/macbook/Desktop/agent-aya/07 📦 Vault/📎 Attachments/Снимок экрана 2026-01-17 в 14.11.54.png	awn-storage/assets/pasted/2026-01-17-14.11.54.png	ok
programmirovanie	Снимок экрана 2026-01-21 в 22.24.55.png	/Users/macbook/Desktop/agent-aya/07 📦 Vault/📎 Attachments/🖼️ Images/2026/01/25/Снимок экрана 2026-01-21 в 22.24.55.png	awn-storage/assets/pasted/2026-01-21-22.24.55.png	ok
programmirovanie	Снимок экрана 2026-01-21 в 22.27.36.png	/Users/macbook/Desktop/agent-aya/07 📦 Vault/📎 Attachments/🖼️ Images/2026/01/25/Снимок экрана 2026-01-21 в 22.27.36.png	awn-storage/assets/pasted/2026-01-21-22.27.36.png	ok
programmirovanie	Снимок экрана 2026-01-21 в 22.27.56.png	/Users/macbook/Desktop/agent-aya/07 📦 Vault/📎 Attachments/🖼️ Images/2026/01/25/Снимок экрана 2026-01-21 в 22.27.56.png	awn-storage/assets/pasted/2026-01-21-22.27.56.png	ok
programmirovanie	Снимок экрана 2026-01-21 в 22.28.34.png	/Users/macbook/Desktop/agent-aya/07 📦 Vault/📎 Attachments/🖼️ Images/2026/01/25/Снимок экрана 2026-01-21 в 22.28.34.png	awn-storage/assets/pasted/2026-01-21-22.28.34.png	ok
programmirovanie	Снимок экрана 2026-01-21 в 22.30.24.png	/Users/macbook/Desktop/agent-aya/07 📦 Vault/📎 Attachments/🖼️ Images/2026/01/25/Снимок экрана 2026-01-21 в 22.30.24.png	awn-storage/assets/pasted/2026-01-21-22.30.24.png	ok
programmirovanie	Снимок экрана 2026-01-21 в 22.30.54.png	/Users/macbook/Desktop/agent-aya/07 📦 Vault/📎 Attachments/🖼️ Images/2026/01/25/Снимок экрана 2026-01-21 в 22.30.54.png	awn-storage/assets/pasted/2026-01-21-22.30.54.png	ok
programmirovanie	Снимок экрана 2026-01-21 в 22.31.49.png	/Users/macbook/Desktop/agent-aya/07 📦 Vault/📎 Attachments/🖼️ Images/2026/01/25/Снимок экрана 2026-01-21 в 22.31.49.png	awn-storage/assets/pasted/2026-01-21-22.31.49.png	ok
programmirovanie	Снимок экрана 2026-01-21 в 22.32.26.png	/Users/macbook/Desktop/agent-aya/07 📦 Vault/📎 Attachments/🖼️ Images/2026/01/25/Снимок экрана 2026-01-21 в 22.32.26.png	awn-storage/assets/pasted/2026-01-21-22.32.26.png	ok
programmirovanie	Снимок экрана 2026-01-21 в 22.33.09.png	/Users/macbook/Desktop/agent-aya/07 📦 Vault/📎 Attachments/🖼️ Images/2026/01/25/Снимок экрана 2026-01-21 в 22.33.09.png	awn-storage/assets/pasted/2026-01-21-22.33.09.png	ok
programmirovanie	Снимок экрана 2026-01-21 в 22.35.12.png	/Users/macbook/Desktop/agent-aya/07 📦 Vault/📎 Attachments/🖼️ Images/2026/01/25/Снимок экрана 2026-01-21 в 22.35.12.png	awn-storage/assets/pasted/2026-01-21-22.35.12.png	ok
programmirovanie	Снимок экрана 2026-01-21 в 22.35.20.png	/Users/macbook/Desktop/agent-aya/07 📦 Vault/📎 Attachments/🖼️ Images/2026/01/25/Снимок экрана 2026-01-21 в 22.35.20.png	awn-storage/assets/pasted/2026-01-21-22.35.20.png	ok
programmirovanie	Снимок экрана 2026-01-21 в 22.39.36.png	/Users/macbook/Desktop/agent-aya/07 📦 Vault/📎 Attachments/🖼️ Images/2026/01/25/Снимок экрана 2026-01-21 в 22.39.36.png	awn-storage/assets/pasted/2026-01-21-22.39.36.png	ok
programmirovanie	Снимок экрана 2026-01-21 в 22.39.43.png	/Users/macbook/Desktop/agent-aya/07 📦 Vault/📎 Attachments/🖼️ Images/2026/01/25/Снимок экрана 2026-01-21 в 22.39.43.png	awn-storage/assets/pasted/2026-01-21-22.39.43.png	ok
programmirovanie	Снимок экрана 2026-01-21 в 22.40.23.png	/Users/macbook/Desktop/agent-aya/07 📦 Vault/📎 Attachments/🖼️ Images/2026/01/25/Снимок экрана 2026-01-21 в 22.40.23.png	awn-storage/assets/pasted/2026-01-21-22.40.23.png	ok
programmirovanie	Снимок экрана 2026-01-21 в 22.40.38.png	/Users/macbook/Desktop/agent-aya/07 📦 Vault/📎 Attachments/🖼️ Images/2026/01/25/Снимок экрана 2026-01-21 в 22.40.38.png	awn-storage/assets/pasted/2026-01-21-22.40.38.png	ok
programmirovanie	Снимок экрана 2026-01-21 в 22.41.34.png	/Users/macbook/Desktop/agent-aya/07 📦 Vault/📎 Attachments/🖼️ Images/2026/01/25/Снимок экрана 2026-01-21 в 22.41.34.png	awn-storage/assets/pasted/2026-01-21-22.41.34.png	ok
programmirovanie	Снимок экрана 2026-01-21 в 22.42.04.png	/Users/macbook/Desktop/agent-aya/07 📦 Vault/📎 Attachments/🖼️ Images/2026/01/25/Снимок экрана 2026-01-21 в 22.42.04.png	awn-storage/assets/pasted/2026-01-21-22.42.04.png	ok
programmirovanie	Снимок экрана 2026-01-21 в 22.42.32.png	/Users/macbook/Desktop/agent-aya/07 📦 Vault/📎 Attachments/🖼️ Images/2026/01/25/Снимок экрана 2026-01-21 в 22.42.32.png	awn-storage/assets/pasted/2026-01-21-22.42.32.png	ok
programmirovanie	Снимок экрана 2026-01-21 в 23.15.47.png	/Users/macbook/Desktop/agent-aya/07 📦 Vault/📎 Attachments/🖼️ Images/2026/01/25/Снимок экрана 2026-01-21 в 23.15.47.png	awn-storage/assets/pasted/2026-01-21-23.15.47.png	ok
programmirovanie	Снимок экрана 2026-01-21 в 23.16.07.png	/Users/macbook/Desktop/agent-aya/07 📦 Vault/📎 Attachments/🖼️ Images/2026/01/25/Снимок экрана 2026-01-21 в 23.16.07.png	awn-storage/assets/pasted/2026-01-21-23.16.07.png	ok
programmirovanie	Снимок экрана 2026-01-21 в 23.16.40.png	/Users/macbook/Desktop/agent-aya/07 📦 Vault/📎 Attachments/🖼️ Images/2026/01/25/Снимок экрана 2026-01-21 в 23.16.40.png	awn-storage/assets/pasted/2026-01-21-23.16.40.png	ok
programmirovanie	Снимок экрана 2026-01-21 в 23.16.52.png	/Users/macbook/Desktop/agent-aya/07 📦 Vault/📎 Attachments/🖼️ Images/2026/01/25/Снимок экрана 2026-01-21 в 23.16.52.png	awn-storage/assets/pasted/2026-01-21-23.16.52.png	ok
programmirovanie	Снимок экрана 2026-01-21 в 23.17.11.png	/Users/macbook/Desktop/agent-aya/07 📦 Vault/📎 Attachments/🖼️ Images/2026/01/25/Снимок экрана 2026-01-21 в 23.17.11.png	awn-storage/assets/pasted/2026-01-21-23.17.11.png	ok
programmirovanie	Снимок экрана 2026-01-21 в 23.17.23.png	/Users/macbook/Desktop/agent-aya/07 📦 Vault/📎 Attachments/🖼️ Images/2026/01/25/Снимок экрана 2026-01-21 в 23.17.23.png	awn-storage/assets/pasted/2026-01-21-23.17.23.png	ok
programmirovanie	Снимок экрана 2026-01-21 в 23.17.41.png	/Users/macbook/Desktop/agent-aya/07 📦 Vault/📎 Attachments/🖼️ Images/2026/01/25/Снимок экрана 2026-01-21 в 23.17.41.png	awn-storage/assets/pasted/2026-01-21-23.17.41.png	ok
programmirovanie	Снимок экрана 2026-01-21 в 23.17.55.png	/Users/macbook/Desktop/agent-aya/07 📦 Vault/📎 Attachments/🖼️ Images/2026/01/25/Снимок экрана 2026-01-21 в 23.17.55.png	awn-storage/assets/pasted/2026-01-21-23.17.55.png	ok
programmirovanie	Снимок экрана 2026-01-21 в 23.18.11.png	/Users/macbook/Desktop/agent-aya/07 📦 Vault/📎 Attachments/🖼️ Images/2026/01/25/Снимок экрана 2026-01-21 в 23.18.11.png	awn-storage/assets/pasted/2026-01-21-23.18.11.png	ok
programmirovanie	Снимок экрана 2026-01-21 в 23.18.24.png	/Users/macbook/Desktop/agent-aya/07 📦 Vault/📎 Attachments/🖼️ Images/2026/01/25/Снимок экрана 2026-01-21 в 23.18.24.png	awn-storage/assets/pasted/2026-01-21-23.18.24.png	ok
programmirovanie	Снимок экрана 2026-01-21 в 23.18.46.png	/Users/macbook/Desktop/agent-aya/07 📦 Vault/📎 Attachments/🖼️ Images/2026/01/25/Снимок экрана 2026-01-21 в 23.18.46.png	awn-storage/assets/pasted/2026-01-21-23.18.46.png	ok
programmirovanie	Снимок экрана 2026-01-21 в 23.18.52.png	/Users/macbook/Desktop/agent-aya/07 📦 Vault/📎 Attachments/🖼️ Images/2026/01/25/Снимок экрана 2026-01-21 в 23.18.52.png	awn-storage/assets/pasted/2026-01-21-23.18.52.png	ok
programmirovanie	Снимок экрана 2026-01-21 в 23.19.11.png	/Users/macbook/Desktop/agent-aya/07 📦 Vault/📎 Attachments/🖼️ Images/2026/01/25/Снимок экрана 2026-01-21 в 23.19.11.png	awn-storage/assets/pasted/2026-01-21-23.19.11.png	ok
programmirovanie	Снимок экрана 2026-01-21 в 23.19.26.png	/Users/macbook/Desktop/agent-aya/07 📦 Vault/📎 Attachments/🖼️ Images/2026/01/25/Снимок экрана 2026-01-21 в 23.19.26.png	awn-storage/assets/pasted/2026-01-21-23.19.26.png	ok
programmirovanie	Снимок экрана 2026-01-21 в 23.19.41.png	/Users/macbook/Desktop/agent-aya/07 📦 Vault/📎 Attachments/🖼️ Images/2026/01/25/Снимок экрана 2026-01-21 в 23.19.41.png	awn-storage/assets/pasted/2026-01-21-23.19.41.png	ok
programmirovanie	Снимок экрана 2026-01-21 в 23.19.47.png	/Users/macbook/Desktop/agent-aya/07 📦 Vault/📎 Attachments/🖼️ Images/2026/01/25/Снимок экрана 2026-01-21 в 23.19.47.png	awn-storage/assets/pasted/2026-01-21-23.19.47.png	ok
programmirovanie	Снимок экрана 2026-01-21 в 23.19.51.png	/Users/macbook/Desktop/agent-aya/07 📦 Vault/📎 Attachments/🖼️ Images/2026/01/25/Снимок экрана 2026-01-21 в 23.19.51.png	awn-storage/assets/pasted/2026-01-21-23.19.51.png	ok
programmirovanie	Снимок экрана 2026-01-21 в 23.20.14.png	/Users/macbook/Desktop/agent-aya/07 📦 Vault/📎 Attachments/🖼️ Images/2026/01/25/Снимок экрана 2026-01-21 в 23.20.14.png	awn-storage/assets/pasted/2026-01-21-23.20.14.png	ok
programmirovanie	Снимок экрана 2026-01-21 в 23.20.21.png	/Users/macbook/Desktop/agent-aya/07 📦 Vault/📎 Attachments/🖼️ Images/2026/01/25/Снимок экрана 2026-01-21 в 23.20.21.png	awn-storage/assets/pasted/2026-01-21-23.20.21.png	ok
programmirovanie	Снимок экрана 2026-01-21 в 23.20.25.png	/Users/macbook/Desktop/agent-aya/07 📦 Vault/📎 Attachments/🖼️ Images/2026/01/25/Снимок экрана 2026-01-21 в 23.20.25.png	awn-storage/assets/pasted/2026-01-21-23.20.25.png	ok
programmirovanie	Снимок экрана 2026-01-21 в 23.20.39.png	/Users/macbook/Desktop/agent-aya/07 📦 Vault/📎 Attachments/🖼️ Images/2026/01/25/Снимок экрана 2026-01-21 в 23.20.39.png	awn-storage/assets/pasted/2026-01-21-23.20.39.png	ok
programmirovanie	Снимок экрана 2026-01-21 в 23.21.21.png	/Users/macbook/Desktop/agent-aya/07 📦 Vault/📎 Attachments/🖼️ Images/2026/01/25/Снимок экрана 2026-01-21 в 23.21.21.png	awn-storage/assets/pasted/2026-01-21-23.21.21.png	ok
programmirovanie	Снимок экрана 2026-01-21 в 23.21.54.png	/Users/macbook/Desktop/agent-aya/07 📦 Vault/📎 Attachments/🖼️ Images/2026/01/25/Снимок экрана 2026-01-21 в 23.21.54.png	awn-storage/assets/pasted/2026-01-21-23.21.54.png	ok
programmirovanie	Снимок экрана 2026-01-21 в 23.22.21.png	/Users/macbook/Desktop/agent-aya/07 📦 Vault/📎 Attachments/🖼️ Images/2026/01/25/Снимок экрана 2026-01-21 в 23.22.21.png	awn-storage/assets/pasted/2026-01-21-23.22.21.png	ok
programmirovanie	Снимок экрана 2026-01-21 в 23.22.36.png	/Users/macbook/Desktop/agent-aya/07 📦 Vault/📎 Attachments/🖼️ Images/2026/01/25/Снимок экрана 2026-01-21 в 23.22.36.png	awn-storage/assets/pasted/2026-01-21-23.22.36.png	ok
programmirovanie	Снимок экрана 2026-01-21 в 23.22.53.png	/Users/macbook/Desktop/agent-aya/07 📦 Vault/📎 Attachments/🖼️ Images/2026/01/25/Снимок экрана 2026-01-21 в 23.22.53.png	awn-storage/assets/pasted/2026-01-21-23.22.53.png	ok
programmirovanie	Снимок экрана 2026-01-21 в 19.40.04.png	/Users/macbook/Desktop/agent-aya/07 📦 Vault/📎 Attachments/🖼️ Images/2026/01/25/Снимок экрана 2026-01-21 в 19.40.04.png	awn-storage/assets/pasted/2026-01-21-19.40.04.png	ok
programmirovanie	Снимок экрана 2026-01-21 в 19.36.08.png			missing
programmirovanie	Снимок экрана 2026-01-21 в 19.36.22.png			missing
programmirovanie	Снимок экрана 2026-01-21 в 19.37.09.png			missing
programmirovanie	Снимок экрана 2026-01-21 в 19.37.59.png			missing
programmirovanie	Снимок экрана 2026-01-21 в 19.39.25.png			missing
programmirovanie	Снимок экрана 2026-01-21 в 19.39.31.png			missing
programmirovanie	Снимок экрана 2026-01-21 в 15.10.48.png			missing
programmirovanie	Снимок экрана 2026-01-21 в 15.11.02.png			missing
programmirovanie	Снимок экрана 2026-01-21 в 15.11.15.png			missing
programmirovanie	Снимок экрана 2026-01-21 в 15.51.09.png			missing
programmirovanie	Снимок экрана 2026-01-21 в 15.51.48.png			missing
programmirovanie	Снимок экрана 2026-01-21 в 15.53.18.png			missing
programmirovanie	Снимок экрана 2026-01-21 в 15.55.40.png			missing
sfera-uslug	Снимок экрана 2026-01-21 в 18.25.59.png	/Users/macbook/Desktop/agent-aya/07 📦 Vault/📎 Attachments/🖼️ Images/2026/01/25/Снимок экрана 2026-01-21 в 18.25.59.png	awn-storage/assets/pasted/2026-01-21-18.25.59.png	ok
sfera-uslug	Снимок экрана 2026-01-21 в 18.26.08.png	/Users/macbook/Desktop/agent-aya/07 📦 Vault/📎 Attachments/🖼️ Images/2026/01/25/Снимок экрана 2026-01-21 в 18.26.08.png	awn-storage/assets/pasted/2026-01-21-18.26.08.png	ok
sfera-uslug	Снимок экрана 2026-01-21 в 18.26.13.png	/Users/macbook/Desktop/agent-aya/07 📦 Vault/📎 Attachments/🖼️ Images/2026/01/25/Снимок экрана 2026-01-21 в 18.26.13.png	awn-storage/assets/pasted/2026-01-21-18.26.13.png	ok
sfera-uslug	Снимок экрана 2026-01-21 в 18.26.21.png	/Users/macbook/Desktop/agent-aya/07 📦 Vault/📎 Attachments/🖼️ Images/2026/01/25/Снимок экрана 2026-01-21 в 18.26.21.png	awn-storage/assets/pasted/2026-01-21-18.26.21.png	ok
sfera-uslug	Снимок экрана 2026-01-21 в 18.26.34.png	/Users/macbook/Desktop/agent-aya/07 📦 Vault/📎 Attachments/🖼️ Images/2026/01/25/Снимок экрана 2026-01-21 в 18.26.34.png	awn-storage/assets/pasted/2026-01-21-18.26.34.png	ok
sfera-uslug	Снимок экрана 2026-01-21 в 18.26.37.png	/Users/macbook/Desktop/agent-aya/07 📦 Vault/📎 Attachments/🖼️ Images/2026/01/25/Снимок экрана 2026-01-21 в 18.26.37.png	awn-storage/assets/pasted/2026-01-21-18.26.37.png	ok
sfera-uslug	Снимок экрана 2026-01-21 в 18.26.41.png	/Users/macbook/Desktop/agent-aya/07 📦 Vault/📎 Attachments/🖼️ Images/2026/01/25/Снимок экрана 2026-01-21 в 18.26.41.png	awn-storage/assets/pasted/2026-01-21-18.26.41.png	ok
sfera-uslug	Снимок экрана 2026-01-21 в 18.27.03.png	/Users/macbook/Desktop/agent-aya/07 📦 Vault/📎 Attachments/🖼️ Images/2026/01/25/Снимок экрана 2026-01-21 в 18.27.03.png	awn-storage/assets/pasted/2026-01-21-18.27.03.png	ok
sfera-uslug	Снимок экрана 2026-01-21 в 18.27.11.png	/Users/macbook/Desktop/agent-aya/07 📦 Vault/📎 Attachments/🖼️ Images/2026/01/25/Снимок экрана 2026-01-21 в 18.27.11.png	awn-storage/assets/pasted/2026-01-21-18.27.11.png	ok
sfera-uslug	Снимок экрана 2026-01-21 в 18.27.16.png	/Users/macbook/Desktop/agent-aya/07 📦 Vault/📎 Attachments/🖼️ Images/2026/01/25/Снимок экрана 2026-01-21 в 18.27.16.png	awn-storage/assets/pasted/2026-01-21-18.27.16.png	ok
sfera-uslug	Снимок экрана 2026-01-21 в 18.27.40.png	/Users/macbook/Desktop/agent-aya/07 📦 Vault/📎 Attachments/🖼️ Images/2026/01/25/Снимок экрана 2026-01-21 в 18.27.40.png	awn-storage/assets/pasted/2026-01-21-18.27.40.png	ok
sfera-uslug	Снимок экрана 2026-01-21 в 18.27.46.png	/Users/macbook/Desktop/agent-aya/07 📦 Vault/📎 Attachments/🖼️ Images/2026/01/25/Снимок экрана 2026-01-21 в 18.27.46.png	awn-storage/assets/pasted/2026-01-21-18.27.46.png	ok
sfera-uslug	Снимок экрана 2026-01-21 в 18.27.51.png	/Users/macbook/Desktop/agent-aya/07 📦 Vault/📎 Attachments/🖼️ Images/2026/01/25/Снимок экрана 2026-01-21 в 18.27.51.png	awn-storage/assets/pasted/2026-01-21-18.27.51.png	ok
sfera-uslug	Снимок экрана 2026-01-21 в 18.27.59.png	/Users/macbook/Desktop/agent-aya/07 📦 Vault/📎 Attachments/🖼️ Images/2026/01/25/Снимок экрана 2026-01-21 в 18.27.59.png	awn-storage/assets/pasted/2026-01-21-18.27.59.png	ok
sfera-uslug	Снимок экрана 2026-01-21 в 18.28.04.png	/Users/macbook/Desktop/agent-aya/07 📦 Vault/📎 Attachments/🖼️ Images/2026/01/25/Снимок экрана 2026-01-21 в 18.28.04.png	awn-storage/assets/pasted/2026-01-21-18.28.04.png	ok
sfera-uslug	Снимок экрана 2026-01-21 в 18.28.08.png	/Users/macbook/Desktop/agent-aya/07 📦 Vault/📎 Attachments/🖼️ Images/2026/01/25/Снимок экрана 2026-01-21 в 18.28.08.png	awn-storage/assets/pasted/2026-01-21-18.28.08.png	ok
sfera-uslug	Снимок экрана 2026-01-21 в 18.28.31.png	/Users/macbook/Desktop/agent-aya/07 📦 Vault/📎 Attachments/🖼️ Images/2026/01/25/Снимок экрана 2026-01-21 в 18.28.31.png	awn-storage/assets/pasted/2026-01-21-18.28.31.png	ok
sfera-uslug	Снимок экрана 2026-01-21 в 18.28.38.png	/Users/macbook/Desktop/agent-aya/07 📦 Vault/📎 Attachments/🖼️ Images/2026/01/25/Снимок экрана 2026-01-21 в 18.28.38.png	awn-storage/assets/pasted/2026-01-21-18.28.38.png	ok
